n_layers,n_neurons,n_samples,loss1,acc1,loss2,acc2
4,200,1000,0.24849415711204834,0.9294,0.37491501162861757,0.8887
4,200,3000,0.24970969520494155,0.9324,0.3688465220115578,0.8898
4,200,7000,0.2523309158010744,0.9307,0.3840593099440425,0.8865
4,200,10000,0.24313916960757656,0.9311,0.3680672901586086,0.8885
4,200,30000,0.24826011231560396,0.9295,0.37510672157434516,0.8891
4,200,60000,0.255215511857455,0.928,0.37912188524610385,0.8864
