n_layers,n_neurons,n_samples,loss1,acc1,loss2,acc2
2,200,30000,0.27330643947052613,0.9203,0.32346931423993114,0.9038
3,200,30000,0.2592652564529395,0.9267,0.3289110657096793,0.9016
4,200,30000,0.25142521865084766,0.9305,0.3691427900437376,0.8877
5,200,30000,0.2500230930624285,0.9327,0.6091706729808269,0.8024
